TTI,UE_ID,Num_RBs,RBs,Num_CCE,Tx_Bits,Buffer_Size,Wideband CQI,Subband CQI,SINR
0,1,18,"[0, 1, 2, 3, 4, 5, 6, 7, 8, 9, 10, 11, 12, 13, 14, 15, 16, 17]",0,7848,0,15,[],27.3356
0,2,0,[],0,0,0,7,[],7.7992
0,3,0,[],0,0,0,15,[],30.7869
1,1,18,"[0, 1, 2, 9, 10, 11, 18, 19, 20, 27, 28, 29, 36, 37, 38, 45, 46, 47]",0,8856,5248,15,[],27.3451
1,2,17,"[3, 4, 5, 12, 13, 14, 21, 22, 23, 30, 31, 32, 39, 40, 41, 48, 49]",0,3417,16016,7,[],7.8032
1,3,15,"[6, 7, 8, 15, 16, 17, 24, 25, 26, 33, 34, 35, 42, 43, 44]",0,6820,0,15,[],30.7969
2,1,17,"[3, 4, 5, 12, 13, 14, 21, 22, 23, 30, 31, 32, 39, 40, 41, 48, 49]",0,8364,11848,15,[],27.346
2,2,15,"[6, 7, 8, 15, 16, 17, 24, 25, 26, 33, 34, 35, 42, 43, 44]",0,3015,13008,7,[],7.6954
2,3,18,"[0, 1, 2, 9, 10, 11, 18, 19, 20, 27, 28, 29, 36, 37, 38, 45, 46, 47]",0,7528,0,15,[],30.8075
